CREATE TABLE BONUS
        (ENAME VARCHAR(10),
         JOB   VARCHAR(9),
         SAL   NUMeric,
         COMM  NUMeric);

CREATE TABLE EMP
       (EMPNO NUMERic(4) NOT NULL,
        ENAME VARCHAR(10),
        JOB VARCHAR(9),
        MGR NUMERic(4),
        HIREDATE DATE,
        SAL NUMERic(7, 2),
        COMM NUMeric(7, 2),
        DEPTNO NUMERic(2));
        
       
        CREATE TABLE SALGRADE
        (GRADE NUMERIC,
         LOSAL NUMERIC,
         HISAL NUMERIC);

INSERT INTO SALGRADE VALUES (1,  700, 1200);
INSERT INTO SALGRADE VALUES (2, 1201, 1400);
INSERT INTO SALGRADE VALUES (3, 1401, 2000);
INSERT INTO SALGRADE VALUES (4, 2001, 3000);
 
CREATE TABLE DEPT
       (DEPTNO NUMERIC(2) not null,
        DNAME VARCHAR(14),
        LOC VARCHAR(13) );
        

INSERT INTO DEPT VALUES (10, 'ACCOUNTING', 'NEW YORK');
INSERT INTO DEPT VALUES (20, 'RESEARCH',   'DALLAS');
INSERT INTO DEPT VALUES (30, 'SALES',      'CHICAGO');
INSERT INTO DEPT VALUES (40, 'OPERATIONS', 'BOSTON');

INSERT INTO EMP VALUES
        (7369, 'SMITH',  'CLERK',     7902,
        '1980-12-17',   800, NULL, 20);
INSERT INTO EMP VALUES
        (7499, 'ALLEN',  'SALESMAN',  7698,
        '1981-02-20',  1600,  300, 30);
INSERT INTO EMP VALUES
        (7521, 'WARD',   'SALESMAN',  7698,
        '1981-02-22',  1250,  500, 30);
INSERT INTO EMP VALUES
        (7566, 'JONES',  'MANAGER',   7839,
        '1981-04-02',   2975, NULL, 20);
INSERT INTO EMP VALUES
        (7654, 'MARTIN', 'SALESMAN',  7698,
        '1981-09-28',  1250, 1400, 30);
INSERT INTO EMP VALUES
        (7698, 'BLAKE',  'MANAGER',   7839,
        '1981-05-01',   2850, NULL, 30);
INSERT INTO EMP VALUES
        (7782, 'CLARK',  'MANAGER',   7839,
        '1981-06-09',   2450, NULL, 10);
INSERT INTO EMP VALUES
        (7788, 'SCOTT',  'ANALYST',   7566,
        '1982-12-09',  3000, NULL, 20);
INSERT INTO EMP VALUES
        (7839, 'KING',   'PRESIDENT', NULL,
        '1981-11-17',  5000, NULL, 10);
INSERT INTO EMP VALUES
        (7844, 'TURNER', 'SALESMAN',  7698,
        '1981-09-08',   1500, NULL, 30);
INSERT INTO EMP VALUES
        (7876, 'ADAMS',  'CLERK',     7788,
        '1983-01-12',  1100, NULL, 20);
INSERT INTO EMP VALUES
        (7900, 'JAMES',  'CLERK',     7698,
        '1981-12-03',    950, NULL, 30);
INSERT INTO EMP VALUES
        (7902, 'FORD',   'ANALYST',   7566,
        '1981-12-03',   3000, NULL, 20);
INSERT INTO EMP VALUES
        (7934, 'MILLER', 'CLERK',     7782,
        '1982-01-23',  1300, NULL, 10);


-----Select commands------
select * from bonus
select * from dept
select * from emp
select * from salgrade

SELECT EMPNO, ENAME, JOB, SAL FROM EMP  --SELECTING SOME COLUMNS
SELECT EMPNO, ENAME, JOB, SAL*10 AS YEAR_SAL FROM EMP --PERFORMING SOME OPERATION USING SELECT
SELECT EMPNO, ENAME AS EMPLOYEE_NAME, JOB, SAL*10 AS YEAR_SAL FROM EMP
SELECT EMPNO, ENAME AS EMPLOYEE_NAME, JOB, SAL, SAL+COMM  FROM EMP  -- NULL+SOMETHING=NULL
SELECT EMPNO, ENAME AS EMPLOYEE_NAME, JOB, SAL, SAL+ISNULL(COMM,0)  FROM EMP

SELECT ENAME + ' WORKS AS ' + JOB AS WORK FROM EMP --STRING CONCAT

SELECT DISTINCT(JOB) FROM EMP --GIVES US DISTINCT VALUES 

SELECT DISTINCT DEPTNO,JOB FROM EMP -- SYNTAX TO SEECT MULTIPLE DISTINCT VALUES

SELECT * FROM EMP   --FILTERING DATA FROM TABE USING WHERE CLAUSE
WHERE JOB = 'CLERK'

SELECT * FROM EMP
WHERE DEPTNO = 20

SELECT * FROM EMP 
WHERE JOB = 'CLERK' OR JOB = 'ANALYST'   --RETURNS JOB WHICH HAS BOTH CLERK AND ANALYST

SELECT * FROM EMP
WHERE JOB = 'CLERK' AND SAL = 1100.00   --RETURNS JOB WITH CLERK AND SAL IS 1100

SELECT * FROM EMP 
WHERE JOB IN ('CLERK', 'ANALYST')    -- RETURNS JOBS WIHT BOTH CLERKS AND ANALYST

SELECT * FROM EMP 
WHERE JOB IN ('CLERK', 'ANALYST') AND SAL = 800  

-----COMPARASION BETWEEN OR AND IN-----
SELECT * FROM EMP
WHERE JOB = 'CLERK' OR SAL = 800  

SELECT * FROM EMP 
WHERE JOB IN ('CLERK' , 800)   -- IN THIS CASE IN WILL NOT WORK 

----------------------------------------

select getdate()

----------------------------------------

SELECT * FROM EMP
WHERE JOB != 'CLERK'

----------------------------------------

SELECT * FROM EMP 
WHERE SAL BETWEEN 1600 AND 6000  

----------------------------------------

SELECT * FROM EMP 
WHERE SAL > 1600 AND SAL < 6000  

----------------------------------------

SELECT* FROM EMP 
WHERE ENAME BETWEEN 'A' AND 'Z'

----------------------------------------

SELECT * FROM EMP
WHERE JOB LIKE '%C%'     --LIKE IS USED FOR PATTERN MATCHING

----------------------------------------

SELECT * FROM EMP
WHERE HIREDATE > '1981-12-03'

-------------------------------------
SELECT * FROM EMP 
WHERE COMM IS NOT NULL 

SELECT * FROM EMP 
WHERE COMM IS NULL

-------------------------------------

SELECT * FROM EMP
WHERE JOB IN ('CLERK', 'MANAGER') AND SAL < 3000

-------------------------------------

SELECT * FROM EMP
WHERE JOB IN ('CLERK', 'MANAGER') AND SAL !>3000

-------------------------------------

SELECT * FROM EMP
WHERE (JOB = 'CLERK' OR JOB = 'MANAGER') AND (SAL >= 2450.00)   ---OPERATOR PRECEDENCE MATTERS A LOT 

-------------------------------------

SELECT TOP(1) *  FROM EMP   --SELECTION OF TOP N ROWS
SELECT TOP(2) * FROM EMP

------------------------------------

SELECT * FROM EMP
WHERE ENAME = 'ALLEN' 
ORDER BY SAL DESC

SELECT * FROM EMP
ORDER BY COMM ASC

SELECT * FROM EMP
WHERE JOB = 'MANAGER'
ORDER BY SAL DESC

SELECT * FROM EMP
WHERE JOB = 'CLERK'
ORDER BY SAL DESC

SELECT * FROM EMP
WHERE JOB = 'CLERK'
ORDER BY SAL DESC
OFFSET 2 ROWS FETCH NEXT 2 ROWS ONLY 

SELECT * FROM EMP                                      
ORDER BY SAL DESC
OFFSET 1 ROWS FETCH NEXT 2 ROWS ONLY

--OFFSET n ROWS	             Skip the first n rows
--FETCH NEXT m ROWS ONLY	Then return the next m rows

SELECT * FROM EMP
ORDER BY SAL DESC
OFFSET 1 ROWS FETCH NEXT 1 ROWS ONLY

SELECT * FROM EMP
WHERE SAL = (SELECT MAX(SAL) FROM EMP)

------------------------------------

















